Unnamed: 0,Unnamed: 0.1,Unnamed: 0.1.1,T0_R1,T0_R2,T0_R3,T18_UNT_R1,T18_UNT_R2,T18_UNT_R3,T18_CISP_R1,T18_CISP_R2,T18_CISP_R3,T18_OLAP_R1,T18_OLAP_R2,T18_OLAP_R3,T18_DOX_R1,T18_DOX_R2,T18_DOX_R3,T18_CPT_R1,T18_CPT_R2,T18_CPT_R3,T0.mean,T0.median,T18_UNT.mean,T18_UNT.median,T18_CISP.mean,T18_CISP.median,T18_OLAP.mean,T18_OLAP.median,T18_DOX.mean,T18_DOX.median,T18_CPT.mean,T18_CPT.median,UNT_LFC_mean,CISP_LFC_mean,OLAP_LFC_mean,DOX_LFC_mean,CPT_LFC_mean,UNT_LFC_median,CISP_LFC_median,OLAP_LFC_median,DOX_LFC_median,CPT_LFC_median,UNT_LFC_mean_Zscore,CISP_LFC_mean_Zscore,OLAP_LFC_mean_Zscore,DOX_LFC_mean_Zscore,CPT_LFC_mean_Zscore,UNT_LFC_median_Zscore,CISP_LFC_median_Zscore,OLAP_LFC_median_Zscore,DOX_LFC_median_Zscore,CPT_LFC_median_Zscore,AAChg,Function,Gene,sgRNA_ID,NegativeControl,Sample,Range.max,p_max,score,Mutation,AA,AA_str,AA_name,sgID,Cluster,Correlation
missense_P1526,9657,ATM_Core-ATM.180,0.0115519273091134,0.503172050358051,-0.1155011191262279,1.7508151663280411,1.9166954279651247,0.3745545143749967,1.5857843150645914,1.7474505884506994,0.9411123487294352,1.6492209865723728,1.7810412211451556,1.2362478271481137,2.9671515252225245,2.4835704816511845,1.233464083856462,1.2123892210560476,1.7564543884820938,1.1374012158364866,0.1330742861803122,0.0115519273091134,1.3473550362227211,1.7508151663280411,1.4247824174149086,1.5857843150645914,1.5555033449552138,1.6492209865723728,2.2280620302433904,2.4835704816511845,1.3687482751248758,1.2123892210560476,1.2142807500424089,0.0774273811921875,0.2081483087324926,0.8807069940206693,0.0213932389021547,1.2142807500424089,0.0774273811921875,0.2081483087324926,0.8807069940206693,0.0213932389021547,3.502742560976529,0.3194273350517442,0.6060747321532536,2.499393018353466,0.2411628473215015,3.502742560976529,0.3194273350517442,0.6060747321532536,2.499393018353466,0.2411628473215015,p.P1526F p.P1526S p.P1526F p.P1526_L1527delinsSF p.P1526_L1527delinsSF p.P1526_L1527delinsFF p.P1526_L1527delinsFF p.P1526S p.P1526L p.P1526_L1527delinsLF p.P1526_L1527delinsLF p.P1526L p.L1527F p.P1526= p.L1527F,missense,ATM,Core-ATM.180,0,1,2.0949877440630784,0.0189432153638821,5.705752058371934,P1526F,1526.0,1526.0,P,ATM_Core-ATM.180,1,-0.21154501131638595
missense_T1745,9691,ATM_Core-ATM.211,-0.0050989014224582,0.3218157456687076,-0.2341840868218263,0.6065051194344311,-0.2485700779746942,-0.749146354726938,-1.0282239331517196,0.5724617171520388,-0.896674674311488,0.0958401056117237,-0.7469870266773805,-0.6004627259381905,-0.4141472215332895,-1.7841006809240696,-0.5349237689917786,-0.451160944803947,-1.4582537292235809,-1.445005761063298,0.0275109191414743,-0.0050989014224582,-0.130403771089067,-0.2485700779746942,-0.4508122967703896,-0.896674674311488,-0.417203215667949,-0.6004627259381905,-0.9110572238163792,-0.5349237689917786,-1.1181401450302753,-1.445005761063298,-0.1579146902305414,-0.3204085256813225,-0.2867994445788819,-0.7806534527273121,-0.9877363739412082,-0.1579146902305414,-0.3204085256813225,-0.2867994445788819,-0.7806534527273121,-0.9877363739412082,-0.4407686848930325,-1.067166369531943,-0.9363916371964476,-1.994838428649348,-3.067957398944682,-0.4407686848930325,-1.067166369531943,-0.9363916371964476,-1.994838428649348,-3.067957398944682,p.T1745I,missense,ATM,Core-ATM.211,0,1,1.1456510641717497,0.0364918937459675,2.0366600295882886,T1745I,1745.0,1745.0,T,ATM_Core-ATM.211,0,-0.1519398275825067
missense_H2038,9734,ATM_Core-ATM.251,0.0731283592924037,0.140054558908711,-0.3198978958275174,1.1892297989939342,1.4937933314639855,0.5648449132163376,0.7123418071973839,1.6360957202217636,0.3888188530500919,0.7360618245762713,1.5854233520398455,0.756326117543992,0.916122739114983,1.5485833196861043,1.6492241952420177,0.7421789760719909,1.3525073664623577,0.5748238423006882,-0.0355716592088009,0.0731283592924037,1.0826226812247526,1.1892297989939342,0.9124187934897464,0.7123418071973839,1.0259370980533695,0.756326117543992,1.3713100846810349,1.5485833196861043,0.8898367282783455,0.7421789760719909,1.1181943404335537,-0.170203887735006,-0.056685583171383,0.2886874034562823,-0.1927859529464071,1.1181943404335537,-0.170203887735006,-0.056685583171383,0.2886874034562823,-0.1927859529464071,3.226602715480192,-0.5436520215878453,-0.2192595965566583,0.8978904266887164,-0.4611698273465407,3.226602715480192,-0.5436520215878453,-0.2192595965566583,0.8978904266887164,-0.4611698273465407,p.H2038Y,missense,ATM,Core-ATM.251,0,1,1.4068817438898358,0.0065204304234754,3.0462906747847653,H2038Y,2038.0,2038.0,H,ATM_Core-ATM.251,1,-0.31379240182990314
nonsense_Q2220,9760,ATM_Core-ATM.276,0.7445720151468902,0.503172050358051,0.2678862116852938,1.5501815127048155,1.7548059225292536,0.7329358368781375,1.5567385675694367,1.4417334267490514,1.0071983851246116,0.7325953336828528,0.1698225700431505,0.2047944161904759,1.632268215499513,0.606600941028625,0.9666926012726978,0.0149062068302128,-0.1183065385288777,-0.2311592000318397,0.505210092396745,0.503172050358051,1.3459744240374023,1.5501815127048155,1.3352234598143664,1.4417334267490514,0.3690707733054931,0.2047944161904759,1.068520585933612,0.9666926012726978,-0.1115198439101682,-0.1183065385288777,0.8407643316406573,-0.0107509642230358,-0.9769036507319092,-0.2774538381037903,-1.4574942679475704,0.8407643316406573,-0.0107509642230358,-0.9769036507319092,-0.2774538381037903,-1.4574942679475704,2.42930494906373,0.0120957530579926,-3.0870479887329254,-0.6336073143613691,-4.608379301260915,2.42930494906373,0.0120957530579926,-3.0870479887329254,-0.6336073143613691,-4.608379301260915,p.Q2220*,nonsense,ATM,Core-ATM.276,0,1,1.4574942679475704,0.010398359526847,3.241903056050927,Q2220*,2220.0,2220.0,Q,ATM_Core-ATM.276,2,-0.1577133251111941
empty-window_NA,9772,ATM_Core-ATM.287,-0.0579726553109195,0.5018503563066632,0.1945917369436816,0.1067100019759523,0.2498197247188309,-0.3429503635787142,-0.3541394050448225,0.0856645922303169,0.646020057825222,0.3248854220013699,0.5099103037926737,0.3624950542909091,0.176440982730323,-1.5704909360231272,-1.0171307370481737,-0.2301905985366972,0.064258917716778,0.7411458235579712,0.2128231459798084,0.1945917369436816,0.0045264543720229,0.1067100019759523,0.1258484150035721,0.0856645922303169,0.3990969266949842,0.3624950542909091,-0.803726896780326,-1.0171307370481737,0.1917380475793506,0.064258917716778,-0.2082966916077854,0.1213219606315491,0.3945704723229613,-0.8082533511523491,0.1872115932073276,-0.2082966916077854,0.1213219606315491,0.3945704723229613,-0.8082533511523491,0.1872115932073276,-0.5855600048387225,0.4724149021979114,1.1870449778325118,-2.0695003309949143,0.7849115060172981,-0.5855600048387225,0.4724149021979114,1.1870449778325118,-2.0695003309949143,0.7849115060172981,,empty-window,ATM,Core-ATM.287,0,0,1.20282382347531,0.0811705164573736,2.257627068856456,,,,,ATM_Core-ATM.287,0,-0.17150187595898506
nonsense_Q2442,9801,ATM_Core-ATM.312,0.6583816593264649,0.6113087441820394,0.2647065420067822,1.6260772674743764,1.8108119862213008,1.1090083141032818,1.305559022480351,1.882930696664337,1.375722253536258,-0.4094735378395021,-0.0283940113534958,0.5798518857300584,0.3890058585929437,0.2274424903941191,0.848111347124628,-0.2281833703299337,-1.1486182896209445,-0.0587217712610492,0.5114656485050955,0.6113087441820394,1.5152991892663197,1.6260772674743764,1.521403990893649,1.375722253536258,0.0473281121790201,-0.0283940113534958,0.4881865653705636,0.3890058585929437,-0.4785078104039759,-0.2281833703299337,1.003833540761224,0.0061048016273295,-1.4679710770872991,-1.0271126238957555,-1.993806999670296,1.003833540761224,0.0061048016273295,-1.4679710770872991,-1.0271126238957555,-1.993806999670296,2.8979446494653684,0.0708438409260001,-4.617421619421539,-2.6615477870162327,-6.367046667956719,2.8979446494653684,0.0708438409260001,-4.617421619421539,-2.6615477870162327,-6.367046667956719,p.Q2442_R2443delins* p.Q2442* p.R2443*,nonsense,ATM,Core-ATM.312,0,1,1.9999118012976247,0.0065023825058014,5.338292977606459,Q2442_R2443_Delins,2442.0,2442.0,Q,ATM_Core-ATM.312,2,-0.10031728114389236
nonsense_R2486,9806,ATM_Core-ATM.317,0.9563318954618965,1.220157168127328,1.0649157557717146,2.3470509935290003,2.517836650911588,1.8519158237565707,1.9154691472701184,1.637732975976324,2.1081329444919104,1.2272312694392946,1.2830602385486811,1.2419686529943488,1.925208250430616,1.6447448402124856,1.530168698840192,0.1977198227429891,0.1600122237669534,1.2627530416123485,1.080468273120313,1.0649157557717146,2.238934489399053,2.3470509935290003,1.8871116892461173,1.9154691472701184,1.250753386994108,1.2419686529943488,1.7000405964944312,1.6447448402124856,0.5401616960407637,0.1977198227429891,1.1584662162787398,-0.3518228001529351,-0.9881811024049448,-0.5388938929046216,-1.6987727933582892,1.1584662162787398,-0.3518228001529351,-0.9881811024049448,-0.5388938929046216,-1.6987727933582892,3.342338849435108,-1.1766558209962914,-3.122193294113634,-1.3408422302352698,-5.399575638445195,3.342338849435108,-1.1766558209962914,-3.122193294113634,-1.3408422302352698,-5.399575638445195,p.R2486* p.F2485= p.R2486*,nonsense,ATM,Core-ATM.317,0,1,1.6987727933582892,0.0146873961629122,4.174420605464986,R2486*,2486.0,2486.0,R,ATM_Core-ATM.317,2,0.44432861903874554
missense_A2688,9833,ATM_Core-ATM.341,-0.0475866601944619,-0.1549186816726478,-0.4008936278725367,0.3452305579046319,-0.8548411379646859,-1.2377426749734044,-0.2576190623487104,-0.3584539709124763,-1.2302775555019614,-0.245532619738523,-0.931587418306268,-0.6775618379180577,-1.2219472137905945,-1.8347600893950504,-1.4330486772227609,-1.593119405585906,-0.3507491168579305,-1.257553137523542,-0.2011329899132155,-0.1549186816726478,-0.5824510850111527,-0.8548411379646859,-0.6154501962543827,-0.3584539709124763,-0.6182272919876163,-0.6775618379180577,-1.496585326802802,-1.4330486772227609,-1.0671405533224594,-1.257553137523542,-0.3813180950979372,-0.0329991112432299,-0.0357762069764635,-0.9141342417916491,-0.4846894683113066,-0.3813180950979372,-0.0329991112432299,-0.0357762069764635,-0.9141342417916491,-0.4846894683113066,-1.0828010176086138,-0.0654466207294536,-0.1540971438149956,-2.355924164714601,-1.4183747496444603,-1.0828010176086138,-0.0654466207294536,-0.1540971438149956,-2.355924164714601,-1.4183747496444603,p.A2688V,missense,ATM,Core-ATM.341,0,1,1.2954523368895865,0.0033813951997113,2.6156270781316757,A2688V,2688.0,2688.0,A,ATM_Core-ATM.341,0,0.17846867548680487
missense_S2707,9838,ATM_Core-ATM.346,0.4518413113902815,0.7756323906706902,0.7403460841027732,2.045322345249177,1.9555456523729,1.9267878072940767,2.071758758502896,2.8203892305956244,2.597935971453307,-0.1337502904253333,0.4531325471798818,-0.1324632808568428,1.754590620787611,0.8313899436762374,1.831209704629524,-0.3064923615175697,-0.5528368012089264,-0.2868166293278166,0.6559399287212484,0.7403460841027732,1.9758852683053847,1.9555456523729,2.496694653517276,2.597935971453307,0.0623063252992352,-0.1324632808568428,1.472396756364457,1.754590620787611,-0.3820485973514376,-0.3064923615175697,1.3199453395841363,0.5208093852118909,-1.9135789430061487,-0.5034885119409274,-2.3579338656568223,1.3199453395841363,0.5208093852118909,-1.9135789430061487,-0.5034885119409274,-2.3579338656568223,3.806408849989345,1.8647647087717327,-6.00612404811023,-1.2450653163021028,-7.5610851434013,3.806408849989345,1.8647647087717327,-6.00612404811023,-1.2450653163021028,-7.5610851434013,p.S2707F p.S2707F p.S2707=,missense,ATM,Core-ATM.346,0,1,2.878743250868713,0.0002674943926005,8.73488929013361,S2707F,2707.0,2707.0,S,ATM_Core-ATM.346,2,0.6480585443474808
missense_T2743,9844,ATM_Core-ATM.351,0.6089049914753526,0.0899169195185919,-0.0290683020290854,0.6840441574976572,1.555666311372173,-0.1673052724709325,0.6002263729910348,0.755515990537986,0.721780846431669,0.9321578881943628,1.766483397497269,0.7384502881786836,1.643001005967296,1.526175456545244,1.2479925649861503,0.5450297637513943,0.786261463577638,0.7669462559783838,0.2232512029882863,0.0899169195185919,0.6908017321329659,0.6840441574976572,0.6925077366535634,0.721780846431669,1.145697191290105,0.9321578881943628,1.4723896758328967,1.526175456545244,0.6994124944358053,0.7669462559783838,0.4675505291446795,0.0017060045205974,0.4548954591571391,0.7815879436999308,0.0086107623028394,0.4675505291446795,0.0017060045205974,0.4548954591571391,0.7815879436999308,0.0086107623028394,1.3567370159099277,0.0555125340465662,1.3750431307701716,2.231260986066019,0.1992467727421069,1.3567370159099277,0.0555125340465662,1.3750431307701716,2.231260986066019,0.1992467727421069,p.T2743M p.N2742= p.T2743M,missense,ATM,Core-ATM.351,0,1,1.2491384728446104,0.0054227913734397,2.436628591094344,T2743M,2743.0,2743.0,T,ATM_Core-ATM.351,1,0.8622746425190915
missense_T2911,9866,ATM_Core-ATM.371,0.847394151149947,0.8282540974894054,0.5666174739861936,2.1554540896281105,2.693816775947357,1.6413539204045455,2.3863157462669857,2.7885628914723632,1.3676586045613812,-0.1400913527509734,0.8364275178428132,-0.0587217712610492,0.8938295852158342,1.0355578073699387,0.7012740457906695,-0.4819206758534695,-0.33201407502054,0.0481766883164401,0.7474219075418486,0.8282540974894054,2.1635415953266715,2.1554540896281105,2.1808457474335765,2.3863157462669857,0.2125381312769302,-0.0587217712610492,0.8768871461254809,0.8938295852158342,-0.2552526875191898,-0.33201407502054,1.416119687784823,0.017304152106905,-1.951003464049741,-1.2866544492011904,-2.418794282845861,1.416119687784823,0.017304152106905,-1.951003464049741,-1.2866544492011904,-2.418794282845861,4.0828014195624815,0.1098773937102215,-6.122754671671107,-3.363647704817597,-7.760657563190863,4.0828014195624815,0.1098773937102215,-6.122754671671107,-3.363647704817597,-7.760657563190863,p.T2911I p.LT2910= p.T2911I p.L2910= p.T2911I p.T2911I p.T2911=,missense,ATM,Core-ATM.371,0,1,2.436098434952766,0.0057009702581609,7.0241110171972725,T2911I,2911.0,2911.0,T,ATM_Core-ATM.371,2,0.8416683537027226
nonsense_H354,9875,ATM_Core-ATM.38,0.4962927368530723,0.7951865552638785,0.7909543962262642,1.4333140084923166,1.3083552425771672,0.8013490464282067,0.9489628441402757,1.8280580595016191,0.99037511554656,0.6565870715523076,0.4969041752201725,0.4005038277520295,0.5158750183025795,0.815051785092939,1.1084667354816848,-0.5706919823968833,0.1282316728081168,0.0683515469499235,0.6941445627810717,0.7909543962262642,1.1810060991658968,1.3083552425771672,1.2557986730628183,0.99037511554656,0.5179983581748365,0.4969041752201725,0.8131311796257344,0.815051785092939,-0.1247029208796143,0.0683515469499235,0.4868615363848251,0.0747925738969215,-0.6630077409910603,-0.3678749195401624,-1.3057090200455113,0.4868615363848251,0.0747925738969215,-0.6630077409910603,-0.3678749195401624,-1.3057090200455113,1.412234339385536,0.3102441337738148,-2.108815678327645,-0.8782100244227518,-4.110647760609755,1.412234339385536,0.3102441337738148,-2.108815678327645,-0.8782100244227518,-4.110647760609755,p.H354= p.H354_Q355delinsY* p.H354_Q355delinsY* p.H354Y p.H354Y p.Q355* p.Q355*,nonsense,ATM,Core-ATM.38,0,1,1.3805015939424328,0.0191176086328459,2.9443340139495247,H354_Q355_Delins,354.0,354.0,H,ATM_Core-ATM.38,2,0.8720343675783538
missense_W266,9912,ATM_Core-ATM.414,0.2796955635189423,-0.3297902126603328,-1.1780504516658994,0.2179169622693258,0.6243122656494038,0.3438506158071129,0.4977051569486786,1.4404832576579187,0.0755965745183195,1.1796532009874698,1.0738968696061022,-0.0697030293964703,1.06640815907302,-0.6108952953807032,0.384205022845574,0.4200589185683001,-0.1425863914239118,-0.3951194431025472,-0.4093817002690966,-0.3297902126603328,0.3953599479086141,0.3438506158071129,0.6712616630416389,0.4977051569486786,0.7279490137323673,1.0738968696061022,0.279905962179297,0.384205022845574,-0.0392156386527196,-0.1425863914239118,0.8047416481777108,0.2759017151330248,0.3325890658237532,-0.1154539857293171,-0.4345755865613337,0.8047416481777108,0.2759017151330248,0.3325890658237532,-0.1154539857293171,-0.4345755865613337,2.325780441421967,1.011178022229674,0.993884721198563,-0.1953731958253727,-1.2540421816499812,2.325780441421967,1.011178022229674,0.993884721198563,-0.1953731958253727,-1.2540421816499812,p.W266* p.W266* p.W266*,nonsense,ATM,Core-ATM.414,0,1,1.137330714001464,0.1223446632399566,2.004502702126783,W266*,266.0,266.0,W,ATM_Core-ATM.414,1,0.9121403989363104
splice-donor_C536,9922,ATM_Core-ATM.423,-0.0424215671153481,0.1719831880892682,0.0888906011411424,1.5485457420459323,0.7916417766259655,-0.0333460794738732,0.6324007978679277,0.7705181538772328,0.8365847317896529,0.2231611412378852,0.7170084199613501,-0.4679625402951919,0.5041495389264982,0.3515773538817749,-0.2229991079578139,-0.2626919669428224,-0.4158387055079312,-0.7590149847249028,0.0728174073716875,0.0888906011411424,0.7689471463993417,0.7916417766259655,0.7465012278449379,0.7705181538772328,0.1574023403013478,0.2231611412378852,0.2109092616168197,0.3515773538817749,-0.4791818857252188,-0.4158387055079312,0.6961297390276542,-0.0224459185544038,-0.6115448060979939,-0.558037884782522,-1.2481290321245604,0.6961297390276542,-0.0224459185544038,-0.6115448060979939,-0.558037884782522,-1.2481290321245604,2.0136439391439724,-0.0286651480348901,-1.9484354244331503,-1.3926296256118964,-3.9218324673273486,2.0136439391439724,-0.0286651480348901,-1.9484354244331503,-1.3926296256118964,-3.9218324673273486,p.C536Y,splice-donor,ATM,Core-ATM.423,0,0,1.2481290321245604,0.059956895291558,2.43272720291677,C536Y,536.0,536.0,C,ATM_Core-ATM.423,2,0.9123954430874023
missense_E450,9928,ATM_Core-ATM.429,0.9037832461018982,1.1999232519771628,0.9319248711889933,0.049260656116391,-0.2816558050198833,0.0714082523216955,0.1996667526591566,0.5633017178665629,0.0172276180859601,0.5891854003434343,0.0377583236514315,1.0364105233312018,-0.3425293649544844,-0.1636938751787716,0.1104080877593229,-0.448821754926439,0.0230131952368271,-0.0447247279608358,1.0118771230893513,0.9319248711889933,-0.0536622988605989,0.049260656116391,0.2600653628705598,0.1996667526591566,0.5544514157753558,0.5891854003434343,-0.1319383841246444,-0.1636938751787716,-0.1568444292168158,-0.0447247279608358,-1.0655394219499503,0.3137276617311588,0.6081137146359548,-0.0782760852640454,-0.1031821303562169,-1.0655394219499503,0.3137276617311588,0.6081137146359548,-0.0782760852640454,-0.1031821303562169,-3.0491641302625863,1.1430143359376956,1.852535966459082,-0.0948013483785251,-0.1673425333078851,-3.0491641302625863,1.1430143359376956,1.852535966459082,-0.0948013483785251,-0.1673425333078851,p.E450K p.E450_R451delinsKH p.R451H p.G449= p.E450K p.E450_R451delinsKH p.R451H,missense,ATM,Core-ATM.429,0,1,1.1687215523061674,0.0026094941607105,2.1258251760606965,E450K,450.0,450.0,E,ATM_Core-ATM.429,0,0.8463963863226979
splice-donor_S601,9937,ATM_Core-ATM.438,0.0361732946829405,-0.0620764001988802,-0.2364349571448417,1.6068195348308787,1.9230015593639287,1.0323834239088532,1.3666061666759357,2.246676337587897,1.412767918974285,-0.5459433792677201,-0.3539698832560026,-0.5424929851115574,1.0235182220757106,0.020362309871818,0.7600308959456403,-1.0665842653457744,-0.8632528480011741,-1.4126886871861042,-0.0874460208869271,-0.0620764001988802,1.520734839367887,1.6068195348308787,1.6753501410793723,1.412767918974285,-0.4808020825450934,-0.5424929851115574,0.601303809297723,0.7600308959456403,-1.1141752668443508,-1.0665842653457744,1.6081808602548142,0.1546153017114853,-2.0015369219129804,-0.919431030070164,-2.6349101062122378,1.6081808602548142,0.1546153017114853,-2.0015369219129804,-0.919431030070164,-2.6349101062122378,4.634760252321499,0.5884535411151237,-6.28023828233407,-2.3702527786502547,-8.46934080619383,4.634760252321499,0.5884535411151237,-6.28023828233407,-2.3702527786502547,-8.46934080619383,p.S601N,splice-donor,ATM,Core-ATM.438,0,0,2.7895254079237235,0.001046889239639,8.390071183650878,S601N,601.0,601.0,S,ATM_Core-ATM.438,2,0.8869426125556708
splice-acceptor_NA,9943,ATM_Core-ATM.443,0.0904733908295867,0.1983330109672701,-0.5219674118908266,0.6770741216570768,1.2173491300624797,0.703794747905337,0.8303061811622829,1.740864085164477,1.193090598462503,-0.8372910047673041,0.2817337965709273,-0.5534616005627145,0.3357542497543786,0.1497700218696934,0.8647984188394906,-1.1553366038524835,0.0284604172674997,-0.1080005621474536,-0.0777203366979899,0.0904733908295867,0.8660726665416312,0.703794747905337,1.2547536215964212,1.193090598462503,-0.3696729362530304,-0.5534616005627145,0.4501075634878542,0.3357542497543786,-0.4116255829108124,-0.1080005621474536,0.9437930032396212,0.38868095505479,-1.2357456027946616,-0.415965103053777,-1.2776982494524436,0.9437930032396212,0.38868095505479,-1.2357456027946616,-0.415965103053777,-1.2776982494524436,2.725395952701446,1.4042521047382015,-3.893708900642247,-1.0083012490345342,-4.01879532966001,2.725395952701446,1.4042521047382015,-3.893708900642247,-1.0083012490345342,-4.01879532966001,,splice-acceptor,ATM,Core-ATM.443,0,0,1.6663792045072336,0.022014296075278,4.04922260021072,,,,,ATM_Core-ATM.443,2,0.895464353783112
splice-donor_M946,9969,ATM_Core-ATM.467,0.2250600657639421,0.5512425154493372,0.3406594762294584,2.0116824485562,1.2821794551004972,0.3166098718166888,0.5049643804806643,1.6626076446153533,0.5970453154759833,0.472115383724605,0.6586403986275304,0.4562498594947012,0.2414447466615849,0.1101443908112825,0.5621690321576006,-0.7841048354424168,-0.1528248492755347,-0.2524500500513295,0.3723206858142459,0.3406594762294584,1.2034905918244618,1.2821794551004972,0.9215391135240002,0.5970453154759833,0.5290018806156123,0.472115383724605,0.3045860565434893,0.2414447466615849,-0.3964599115897604,-0.2524500500513295,0.831169906010216,-0.2819514783004616,-0.6744887112088496,-0.8989045352809725,-1.5999505034142223,0.831169906010216,-0.2819514783004616,-0.6744887112088496,-0.8989045352809725,-1.5999505034142223,2.4017318175251363,-0.9331304545381456,-2.1445952335028453,-2.314725503663722,-5.075519306855748,2.4017318175251363,-0.9331304545381456,-2.1445952335028453,-2.314725503663722,-5.075519306855748,p.M946I,splice-donor,ATM,Core-ATM.467,0,0,1.5999505034142223,0.0388961411716116,3.79248226474752,M946I,946.0,946.0,M,ATM_Core-ATM.467,2,0.8769230508067535
splice-donor_M946,9970,ATM_Core-ATM.468,0.5768179629677288,0.8881577044223985,0.4412567670523092,1.926923065850804,2.363752465981315,1.1240138993744215,1.9360237884327776,2.344828496997441,1.35593096222855,-1.507040930436612,-0.6716333446740119,-0.6561228974250359,0.9284580595131066,0.4553689140821468,0.2941124355968115,-1.333749125975868,-1.5418964971026246,-1.1604470197969936,0.6354108114808122,0.5768179629677288,1.804896477068847,1.926923065850804,1.8789277492195893,1.9360237884327776,-0.94493239084522,-0.6716333446740119,0.559313136397355,0.4553689140821468,-1.3453642142918287,-1.333749125975868,1.1694856655880348,0.0740312721507425,-2.7498288679140668,-1.2455833406714918,-3.150260691360676,1.1694856655880348,0.0740312721507425,-2.7498288679140668,-1.2455833406714918,-3.150260691360676,3.3740073137071147,0.3075907377622881,-8.612232221976816,-3.2525441403390105,-10.159269467027338,3.3740073137071147,0.3075907377622881,-8.612232221976816,-3.2525441403390105,-10.159269467027338,p.M946I,splice-donor,ATM,Core-ATM.468,0,0,3.2242919635114182,0.0004667825498796,10.070400762479684,M946I,946.0,946.0,M,ATM_Core-ATM.468,2,0.9143880471343554
nonsense_P444,9972,ATM_Core-ATM.47,1.043923738817288,1.1349053388074368,0.7664342873552245,1.355620059956172,1.5791998051806382,1.4402345785668582,1.1166149895931723,1.646433763997156,0.8869768694074744,0.7509877748543039,0.9390402727015392,0.1106561478980356,0.8491096679220248,0.9678915910204215,0.2241178753210296,0.5391496046395454,-0.1142993280062194,0.5120276439015385,0.9817544549933164,1.043923738817288,1.458351481234556,1.4402345785668582,1.2166752076659344,1.1166149895931723,0.6002280651512929,0.7509877748543039,0.680373044754492,0.8491096679220248,0.3122926401782881,0.5120276439015385,0.4765970262412395,-0.2416762735686215,-0.858123416083263,-0.7779784364800639,-1.1460588410562678,0.4765970262412395,-0.2416762735686215,-0.858123416083263,-0.7779784364800639,-1.1460588410562678,1.3827354720984386,-0.7927576416091596,-2.7168785798140385,-1.987602104850284,-3.587125674953421,1.3827354720984386,-0.7927576416091596,-2.7168785798140385,-1.987602104850284,-3.587125674953421,p.P444L p.P444S p.P444F p.P444_Q445delinsS* p.P444_Q445delinsS* p.P444_Q445delinsF* p.P444_Q445delinsF* p.P444S p.P444F p.P444_Q445delinsL* p.P444_Q445delinsL* p.Q445* p.P444L p.P444= p.Q445*,nonsense,ATM,Core-ATM.47,0,1,1.1460588410562678,0.0068129735155059,2.038236046767651,P444L,444.0,444.0,P,ATM_Core-ATM.47,2,0.9053486911382738
splice-acceptor_NA,9987,ATM_Core-ATM.483,0.3586058255561501,0.6476185766743654,0.5032762278882195,1.8695569945880235,2.4962027620049647,1.3171253962248504,1.3957971425821922,2.239146409754931,1.8669512807788,-0.4509145356074405,-0.0761855638333251,0.2496559585102952,1.1724460295490124,1.0417143475057355,1.2410371506619775,-0.2668066079947145,-0.0845948600758877,-0.0951214269845837,0.503166876706245,0.5032762278882195,1.8942950509392795,1.8695569945880235,1.8339649443719743,1.8669512807788,-0.0924813803101567,-0.0761855638333251,1.1517325092389086,1.1724460295490124,-0.1488409650183953,-0.0951214269845837,1.3911281742330344,-0.0603301065673049,-1.986776431249436,-0.7425625417003707,-2.043136015957675,1.3911281742330344,-0.0603301065673049,-1.986776431249436,-0.7425625417003707,-2.043136015957675,4.010979059678254,-0.1607044529200954,-6.234238355490692,-1.891796749453626,-6.528805518799499,4.010979059678254,-0.1607044529200954,-6.234238355490692,-1.891796749453626,-6.528805518799499,,splice-acceptor,ATM,Core-ATM.483,0,0,2.043136015957675,0.0041020678148574,5.5053502764751565,,,,,ATM_Core-ATM.483,2,0.9164314864550214
missense_R1262,10025,ATM_Core-ATM.517,0.1503416610714957,0.5215497435405017,-0.1384694679829167,0.0797821041687155,0.0029337987555848,-0.5330379518583547,-1.0366312707025096,0.0335525597110267,-0.9879938265032068,0.0277019666714857,-0.3190501864108081,-0.6608596497418393,-0.7341852983724235,-0.9069470578530472,-1.2918584726963112,-0.0298454528466848,0.0500459336949805,-1.23972645524074,0.1778073122096936,0.1503416610714957,-0.1501073496446847,0.0029337987555848,-0.6636908458315632,-0.9879938265032068,-0.3174026231603872,-0.3190501864108081,-0.977663609640594,-0.9069470578530472,-0.4065086581308147,-0.0298454528466848,-0.3279146618543783,-0.5135834961868785,-0.1672952735157025,-0.8275562599959093,-0.25640130848613,-0.3279146618543783,-0.5135834961868785,-0.1672952735157025,-0.8275562599959093,-0.25640130848613,-0.9293264954063478,-1.740446969292655,-0.5639661364668703,-2.121717620814934,-0.6697761929815508,-0.9293264954063478,-1.740446969292655,-0.5639661364668703,-2.121717620814934,-0.6697761929815508,p.R1262_S1263delinsKN p.R1262K p.S1263N,missense,ATM,Core-ATM.517,0,1,1.1554709218502877,0.0101859986921544,2.074612804715694,R1262_S1263_Delins,1262.0,1262.0,R,ATM_Core-ATM.517,0,0.8949260856753362
splice-donor_G1370,10026,ATM_Core-ATM.518,0.8012149208130314,0.4355576413121102,0.2535221842189895,1.9477571709958903,1.390463261068418,0.9638033936421578,1.5170782444799065,1.7367958553530345,1.4214498572900585,1.1189922412681232,0.226075116484565,0.2559523724712053,0.8295113357097716,0.8364579049101857,1.1461855795759095,0.4403923277377429,-0.2266037267926069,-0.431081300537097,0.4967649154480436,0.4355576413121102,1.4340079419021554,1.390463261068418,1.5584413190409998,1.5170782444799065,0.5336732434079644,0.2559523724712053,0.9373849400652888,0.8364579049101857,-0.072430899863987,-0.2266037267926069,0.9372430264541118,0.1244333771388443,-0.900334698494191,-0.4966230018368665,-1.5064388417661423,0.9372430264541118,0.1244333771388443,-0.900334698494191,-0.4966230018368665,-1.5064388417661423,2.706572171222692,0.4832592489921917,-2.848426774730317,-1.2264930724101868,-4.768877495057401,2.706572171222692,0.4832592489921917,-2.848426774730317,-1.2264930724101868,-4.768877495057401,p.G1370K p.G1370R p.G1370E,splice-donor,ATM,Core-ATM.518,0,0,1.630872218904987,0.0042819136425459,3.911991625574564,G1370K,1370.0,1370.0,G,ATM_Core-ATM.518,2,0.905577383828672
missense_D1511,10051,ATM_Core-ATM.540,0.4371254368556596,0.6736767465224311,0.4398478162680372,0.1490636420193106,0.3992580812387307,-0.2422929697453697,-1.2595859270581111,0.5883530899219305,-0.8169068698200673,1.1038671817048529,0.2771767144742569,-0.2560292742177312,-0.5083844038833711,-1.1579374279818595,-0.4331413864758142,0.4479440747475831,-0.3483938881234564,-0.3126737262220534,0.516883333215376,0.4398478162680372,0.1020095845042238,0.1490636420193106,-0.496046568985416,-0.8169068698200673,0.3750048739871261,0.2771767144742569,-0.6998210727803483,-0.5083844038833711,-0.0710411798659756,-0.3126737262220534,-0.4148737487111522,-0.5980561534896399,0.2729952894829022,-0.8018306572845721,-0.1730507643701994,-0.4148737487111522,-0.5980561534896399,0.2729952894829022,-0.8018306572845721,-0.1730507643701994,-1.1792356022913135,-2.034862965440295,0.808165329175215,-2.052125972040157,-0.3964545407765621,-1.1792356022913135,-2.034862965440295,0.808165329175215,-2.052125972040157,-0.3964545407765621,p.D1511N p.D1511_A1512delinsNT p.A1512T p.K1510= p.D1511_A1512delinsNT p.D1511N p.A1512T,missense,ATM,Core-ATM.540,0,1,1.2167044059957244,0.0074616642688113,2.3112741423966425,D1511N,1511.0,1511.0,D,ATM_Core-ATM.540,0,0.8953347039871223
missense_D2458,10158,ATM_Core-ATM.639,0.5912901206931674,0.7547002486047804,0.5405624059732537,0.0353124806866866,0.0084186426736448,-0.982976852157686,-0.6733118853003657,-0.5194307364790605,-0.2667023159043303,-0.3543686866025607,-1.0679484916854394,-0.1877874782675752,-0.6770036377251465,-0.2556097072635343,-0.0609408471257739,-0.2980462632434457,-0.2772259377267588,-0.6233940684613445,0.6288509250904005,0.5912901206931674,-0.3130819095991182,0.0084186426736448,-0.4864816458945855,-0.5194307364790605,-0.5367015521851918,-0.3543686866025607,-0.3311847307048183,-0.2556097072635343,-0.3995554231438496,-0.2980462632434457,-0.9419328346895188,-0.1733997362954673,-0.2236196425860735,-0.0181028211057001,-0.0864735135447314,-0.9419328346895188,-0.1733997362954673,-0.2236196425860735,-0.0181028211057001,-0.0864735135447314,-2.693934873103629,-0.5547906428590201,-0.7394966737501301,0.0679764380907502,-0.1125519281425083,-2.693934873103629,-0.5547906428590201,-0.7394966737501301,0.0679764380907502,-0.1125519281425083,p.D2458N p.E2457_D2458delinsKN p.E2457K p.E2457_D2458delinsKN p.E2457K p.E2457= p.D2458N,missense,ATM,Core-ATM.639,0,1,1.1655524772755923,0.0137045350811818,2.1135770156560745,D2458N,2458.0,2458.0,D,ATM_Core-ATM.639,0,0.920260287044451
missense_D2725,10186,ATM_Core-ATM.664,1.0284628018933142,0.9688174006770904,1.0344341735214977,1.4521008945065363,1.478724857010072,0.5129883348064834,1.2812438329928093,1.1551396646786412,0.9210488397390358,1.092193011669638,1.0103337133956014,0.2021882735120511,1.8489242672868165,1.617329105506854,1.1901838404261125,0.2461689813512261,0.2466914584795546,0.3353991809190498,1.010571458697301,1.0284628018933142,1.147938028774364,1.4521008945065363,1.1191441124701622,1.1551396646786412,0.7682383328590968,1.0103337133956014,1.552145737739928,1.617329105506854,0.2760865402499435,0.2466914584795546,0.137366570077063,-0.0287939163042016,-0.3796996959152671,0.404207708965564,-0.8718514885244204,0.137366570077063,-0.0287939163042016,-0.3796996959152671,0.404207708965564,-0.8718514885244204,0.4078312568805312,-0.0507900833775909,-1.2259080809661411,1.2103903365086726,-2.687949701530641,0.4078312568805312,-0.0507900833775909,-1.2259080809661411,1.2103903365086726,-2.687949701530641,p.D2725N,missense,ATM,Core-ATM.664,0,1,1.2760591974899844,0.0028294851208694,2.540674519475335,D2725N,2725.0,2725.0,D,ATM_Core-ATM.664,2,0.925699818034907
missense_G2765,10194,ATM_Core-ATM.671,0.9571916916915753,0.9388518021180504,0.8850684304872771,2.0947293321406946,2.318473240515671,1.0589279366005635,1.792718930945176,2.1867988200067083,1.7614887273848503,0.6747641425593911,1.3115662544884286,1.0253955686385103,2.216799739356855,1.356630705384574,1.3794356915904475,0.4912250805121724,0.8378462933116433,0.0365202492784124,0.9270373080989676,0.9388518021180504,1.824043503085643,2.0947293321406946,1.9136688261122448,1.792718930945176,1.0039086552287768,1.0253955686385103,1.650955378777292,1.3794356915904475,0.4551972077007427,0.4912250805121724,0.8970061949866753,0.0896253230266017,-0.8201348478568662,-0.173088124308351,-1.3688462953849003,0.8970061949866753,0.0896253230266017,-0.8201348478568662,-0.173088124308351,-1.3688462953849003,2.590936750252024,0.3619413189940091,-2.598490146859377,-0.3512822633187222,-4.317686413980524,2.590936750252024,0.3619413189940091,-2.598490146859377,-0.3512822633187222,-4.317686413980524,p.G2765D p.G2765N p.G2765S p.G2765_V2766delinsSI p.G2765_V2766delinsDI p.G2765_V2766delinsNI p.V2766I,missense,ATM,Core-ATM.671,0,1,1.458471618411502,0.0056388384858815,3.2456804185741475,G2765D,2765.0,2765.0,G,ATM_Core-ATM.671,2,0.9265833665305945
missense_G2765,10195,ATM_Core-ATM.672,1.168682122319268,1.098642879987554,0.6926377999686708,2.288476167343541,2.6021742090515816,1.7849202169442466,2.28327175185672,2.681779953890199,1.8685394699779163,0.3952710958397466,1.3640800983698538,0.5380951879175079,1.555952457677915,1.4873935600124362,1.284532173739725,0.3785116232537298,-0.7783735576855055,0.1571479986377657,0.9866542674251644,1.098642879987554,2.22519019777979,2.288476167343541,2.277863725241612,2.28327175185672,0.7658154607090362,0.5380951879175079,1.4426260638100254,1.4873935600124362,-0.0809046452646699,0.1571479986377657,1.2385359303546255,0.0526735274618221,-1.4593747370707535,-0.7825641339697644,-2.30609484304446,1.2385359303546255,0.0526735274618221,-1.4593747370707535,-0.7825641339697644,-2.30609484304446,3.572448794887927,0.2331517195185717,-4.590631791027924,-2.0000071105821795,-7.391095523544762,3.572448794887927,0.2331517195185717,-4.590631791027924,-2.0000071105821795,-7.391095523544762,p.G2765D p.G2765N p.G2765S p.S2764_G2765delinsND p.S2764_V2766delinsNNI p.S2764_V2766delinsNSI p.S2764_V2766delinsNDI p.S2764_V2766delinsNGI p.S2764_G2765delinsNN p.S2764_G2765delinsNS p.S2764N p.G2765_V2766delinsSI p.G2765_V2766delinsDI p.G2765_V2766delinsNI p.V2766I,missense,ATM,Core-ATM.672,0,1,2.358768370506282,0.0051667011091898,6.725237994532227,G2765D,2765.0,2765.0,G,ATM_Core-ATM.672,2,0.010862231290229467
missense_G2765,10196,ATM_Core-ATM.673,0.050746913607854,0.5137022374542075,0.2308899417546772,2.102182440832712,1.502888980151043,0.9372214340749964,1.32209249521127,2.278159714863001,1.0813878377026975,0.2669537970949783,0.3799291571834343,-0.1894975419311849,1.0251600738984,1.2291005169763178,1.4540154940441272,-0.148202775038423,0.3313978474444038,0.3401482122110495,0.2651130309389129,0.2308899417546772,1.514097618352917,1.502888980151043,1.5605466825923229,1.32209249521127,0.1524618041157426,0.2669537970949783,1.2360920283062815,1.2291005169763178,0.1744477615390101,0.3313978474444038,1.248984587414004,0.0464490642394059,-1.3616358142371745,-0.2780055900466351,-1.3396498568139068,1.248984587414004,0.0464490642394059,-1.3616358142371745,-0.2780055900466351,-1.3396498568139068,3.6024768764633164,0.2114573441002182,-4.286036002000434,-0.6350998868716464,-4.221945961253231,3.6024768764633164,0.2114573441002182,-4.286036002000434,-0.6350998868716464,-4.221945961253231,p.G2765D p.G2765N p.G2765S p.S2764_G2765delinsND p.S2764_G2765delinsNN p.S2764_G2765delinsNS p.S2764N,missense,ATM,Core-ATM.673,0,1,1.4080848784765805,0.0253884704389225,3.050940670529462,G2765D,2765.0,2765.0,G,ATM_Core-ATM.673,2,0.14659770644051232
missense_V2906,10208,ATM_Core-ATM.684,0.2020328716807058,0.3292866082072517,0.0616674201547723,0.9358769166602012,0.8064106468798625,0.2874424804311614,3.0638667217120705,1.083263434881212,0.281321218881916,0.7623651063305144,0.5707577686989835,0.5758308538523331,0.672844364640979,1.1709083447642217,0.5961801746616282,1.0239870955920785,0.4911587433096824,0.5067571341093176,0.1976623000142433,0.2020328716807058,0.6765766813237417,0.8064106468798625,1.476150458491733,1.083263434881212,0.636317909627277,0.5758308538523331,0.8133109613556097,0.672844364640979,0.6739676576703596,0.5067571341093176,0.4789143813094983,0.7995737771679914,-0.0402587716964647,0.1367342800318679,-0.0026090236533821,0.4789143813094983,0.7995737771679914,-0.0402587716964647,0.1367342800318679,-0.0026090236533821,1.3893952492002586,2.836353608290862,-0.1680667098606577,0.4868342304845361,0.1624550460957216,1.3893952492002586,2.836353608290862,-0.1680667098606577,0.4868342304845361,0.1624550460957216,p.V2906I p.E2904= p.V2906I,missense,ATM,Core-ATM.684,0,1,1.27848815847749,0.1985503625283087,2.550062212573324,V2906I,2906.0,2906.0,V,ATM_Core-ATM.684,1,0.23350944412504518
missense_E2979,10213,ATM_Core-ATM.689,0.5857410733471157,1.0933873140860748,0.7596740186339401,0.872785184771879,0.6514424788770212,0.1052324037204385,-0.7999753916920067,-0.6071977191958765,0.0887374604609782,0.08500697762472,-0.3213520537374099,0.6067046004869096,-0.2987384675154728,-0.2883327032234414,-0.4202197144165319,-0.0634494308712419,0.1550405513691739,0.1838122523661868,0.8129341353557101,0.7596740186339401,0.5431533557897795,0.6514424788770212,-0.4394785501423016,-0.6071977191958765,0.1234531747914065,0.08500697762472,-0.3357636283851486,-0.2987384675154728,0.0918011242880395,0.1550405513691739,-0.2697807795659306,-0.9826319059320812,-0.419700180998373,-0.8789169841749283,-0.4513522315017399,-0.2697807795659306,-0.9826319059320812,-0.419700180998373,-0.8789169841749283,-0.4513522315017399,-0.7622572778283114,-3.375240513215961,-1.3505664971031468,-2.2606561529065194,-1.3090558634705882,-0.7622572778283114,-3.375240513215961,-1.3505664971031468,-2.2606561529065194,-1.3090558634705882,p.E2979= p.E2979K p.E2979K,missense,ATM,Core-ATM.689,0,1,1.2524126854980118,0.0153155754572366,2.449283097974361,E2979K,2979.0,2979.0,E,ATM_Core-ATM.689,0,0.46694935578281804
nonsense_Q747,10252,ATM_Core-ATM.91,-0.0134969403926504,0.047064092730623,-0.4340927838413768,1.4262053710950635,1.391163224713651,0.4924428016571748,1.318800923989023,1.8304462326026432,0.5263666455074635,0.2198637395604273,0.3440661362681184,-0.5913912818183692,0.4887625397334981,0.2458434843754081,0.0519940299649897,-1.0416942695950675,-0.32505068748112,-0.172487440486993,-0.133508543834468,-0.0134969403926504,1.1032704658219632,1.391163224713651,1.22520460069971,1.318800923989023,-0.0091538019966078,0.2198637395604273,0.262200018024632,0.2458434843754081,-0.5130774658543936,-0.32505068748112,1.2367790096564313,0.1219341348777467,-1.112424267818571,-0.8410704477973312,-1.6163479316763567,1.2367790096564313,0.1219341348777467,-1.112424267818571,-0.8410704477973312,-1.6163479316763567,3.567399633283038,0.4745485380543544,-3.509387503987152,-2.1582755441221484,-5.129289467951346,3.567399633283038,0.4745485380543544,-3.509387503987152,-2.1582755441221484,-5.129289467951346,p.Q747* p.F746= p.Q747*,nonsense,ATM,Core-ATM.91,0,1,1.7382820665541034,0.0200734846931776,4.327120024350172,Q747*,747.0,747.0,Q,ATM_Core-ATM.91,2,0.5109397325510779
