Unnamed: 0,sgRNA_ID,Gene,Mutation,AAChg,AA,Function,T0.mean,T18_UNT.mean,T18_CISP.mean,T18_OLAP.mean,T18_DOX.mean,T18_CPT.mean,score,Rank,Cluster,Correlation
missense,Core-ERCC2.109,ERCC2,V242I,p.V242I ,242.0,missense,-0.15340019127307,-0.6106857209566355,-1.5266388698765656,-0.4179736839797526,-0.7775706848348799,-0.4922742106324565,2.91626356714147,0.0224454102183591,1,-0.6465780936316581
splice-donor,Core-ERCC2.162,ERCC2,S436N,p.S436N ,436.0,splice-donor,0.6403342244912529,-1.7547091561910877,-1.6813865163075434,-1.6689358798932468,-1.2622619187785846,-1.254138508414263,6.865437307905704,0.004001483994064,2,-0.5600012378721841
splice-donor,Core-ERCC2.163,ERCC2,S436N,p.S436N ,436.0,splice-donor,0.4966351602441594,-2.347812500210038,-1.9894056678560672,-1.7834463491958303,-1.5058967692245062,-1.883066636688676,8.60234023764495,0.0015899936400254,2,0.7763939473881307
splice-acceptor,Core-ERCC2.202,ERCC2,,,,splice-acceptor,-0.1478997132163748,-1.3698877167014405,-0.7889599169393203,-1.267221223060203,-1.5370690339194726,-1.1340228612040275,2.9778339174493773,0.0215444138223447,2,0.8165885669973298
splice-acceptor,Core-ERCC2.209,ERCC2,,,,splice-acceptor,-0.5166493828109646,-2.049599539547278,-1.580024371520358,-1.9205414462010373,-1.334628254100745,-1.6037871091749203,3.5335325758449527,0.016376934492262,2,0.8304556297968952
splice-donor,Core-ERCC2.210,ERCC2,Q555=,p.Q555= ,555.0,splice-donor,-0.0078317360289484,-2.4107855376341294,-1.6753060934411976,-1.905561827163452,-1.246247043666357,-1.7769057684329097,6.896010299518796,0.0039484842060631,2,0.9038783638648202
missense,Core-ERCC2.217,ERCC2,G534N,p.G534N p.G534S p.G534D ,534.0,missense,-0.1579135404354741,-2.1943781488810923,-1.8298299986495783,-1.7425857904161486,-1.273163633341578,-1.7070749562883891,5.479565948700046,0.0072609709561161,2,0.9325163583538161
missense,Core-ERCC2.239,ERCC2,E606K,p.E606K p.E606_G607delinsKR p.E606_G607delinsKR p.E606_G607delinsKK p.E606_G607delinsKE p.E606_G607delinsKK p.E606_G607delinsKE p.E606K p.G607R p.G607K p.G607E p.E606= p.G607K p.G607R p.G607E ,606.0,missense,0.268669904398495,0.3670839324830861,-0.6239742710648652,0.3884503499603876,0.7042007467456806,0.2510247035510668,2.742096991567724,0.0246184015263938,1,0.9292178271058591
missense,Core-ERCC2.240,ERCC2,E606K,p.E606K p.E606_G607delinsKR p.E606_G607delinsKR p.E606K p.G607R p.E606= p.G607R ,606.0,missense,0.7730019128589921,0.9022345746550372,-0.7783283843624597,0.6087633568427292,1.319139296110673,1.0295735354634097,5.715336766417832,0.0066514733941064,1,0.9375921535745682
splice-acceptor,Core-ERCC2.26,ERCC2,A62T,p.A62T ,62.0,splice-acceptor,-0.051555753459174,-1.5110784327729168,-1.2224863229677314,-1.9205509615597087,-1.2554322073608493,-1.3454478277192157,4.832313340761565,0.0096459614161543,2,0.9187784572960898
missense,Core-ERCC2.262,ERCC2,R666Q,p.R666Q p.R666_A667delinsQT p.R666_A667delinsQT p.R666Q p.A667T p.R666= p.A667T ,666.0,missense,0.1653782161540049,0.2718319034431005,-0.4752915911678421,0.1692603643774249,0.8630015983837716,0.4295406703394233,2.781202720933692,0.0243269026923892,1,0.9158879857447604
missense,Core-ERCC2.275,ERCC2,G713S,p.G713S p.G713N p.G713D p.G713_V714delinsNI p.G713_V714delinsSI p.G713_V714delinsDI p.V714I p.E712= p.G713N p.G713_V714delinsNI p.G713_V714delinsSI p.G713S p.G713_V714delinsDI p.G713D p.V714I ,713.0,missense,0.0280131490201532,-0.9365728752170922,-0.887015913042042,-1.2104578622226747,-0.7505415973204809,-1.4625512389833173,3.369715787253847,0.0179669281322874,2,0.9191457423924136
missense,Core-ERCC2.320,ERCC2,S51F,p.L52= p.S51F p.S51F p.S51F p.S51= p.SL51= ,51.0,missense,0.361291177496224,-0.1423112652215464,-0.976320523609359,0.547383080316809,0.3717411524521021,0.3509894456791829,3.497795567122909,0.0167214331142675,1,0.8710451023443456
missense,Core-ERCC2.322,ERCC2,T76_P78_Delins,p.T76_P78delinsIVS p.T76I p.P78S ,76.0,missense,-0.3308207644740588,-0.1052196295503765,-1.359054526655192,-0.1429330707951338,0.4845972315619775,-0.1088127677199093,4.734363422762422,0.0099639601441594,1,0.8958349626475397
splice-acceptor,Core-ERCC2.34,ERCC2,V83M,p.V83M ,83.0,splice-acceptor,-0.2104060049650945,-1.6948504256849184,-2.175896886639564,-1.8349094778835264,-1.2100237840197228,-1.6842873401263667,5.205259540167616,0.0082679669281322,2,0.418262932648873
missense,Core-ERCC2.448,ERCC2,S506F,p.S506F p.SS505= p.S506F p.S505= p.S506F p.S506F p.S506= ,506.0,missense,0.3635142309215836,0.6652653907895073,-0.7127506504199416,0.1679482661721617,0.3470041788236377,0.3510859240943342,2.9347275993730264,0.0220744117023531,1,0.2266103186082838
missense,Core-ERCC2.450,ERCC2,S506F,p.S506F p.S506F p.S506= ,506.0,missense,-1.6629428370946122,-0.532270331832547,-1.245215819674261,-0.4045168029272645,-0.374410718600864,-1.2198252158925464,2.588881120989769,0.0266323934704261,0,0.10843848569930283
missense,Core-ERCC2.46,ERCC2,V130I,p.K128= p.V130I p.D129_V130delinsNI p.V130I p.D129N p.D129N ,130.0,missense,0.0033173071329877,-0.1179336552144396,-0.8711301454786985,-0.4221791217161184,0.4710932343226328,0.037925368726672,2.7963925161057186,0.0239824040703837,1,0.09403812696396129
missense,Core-ERCC2.484,ERCC2,S605F,p.S605F p.S605F p.S605= ,605.0,missense,-0.7162780984903278,-0.6468745999426543,-1.6056109484548875,-0.7285829073018668,-0.2044819620057244,-0.722939775382057,3.024056838342763,0.0210409158363366,1,0.06924113453672484
empty-window,Core-ERCC2.5,ERCC2,,,,empty-window,0.6861868527599327,-1.2565346497768746,-1.4748080382741342,-1.1780912499547715,-1.422488037070332,-0.49126147327719,5.960863129000458,0.0059359762560949,2,0.0014108589101061303
splice-donor,Core-ERCC2.55,ERCC2,,,,splice-donor,0.5992685977291636,-0.9589493358591356,-1.1738133817182848,-1.1772522139469788,-0.560382595403493,-1.3172619792537943,5.016032822738973,0.0090099639601441,2,0.10939204854169425
missense,Core-ERCC2.57,ERCC2,R196Q,p.R196Q ,196.0,missense,0.1067658229464872,0.523447450666413,-0.9162672195800544,-0.1212972667085962,0.5138902640569717,-0.1016350892082193,3.173186675885816,0.0196364214543141,1,0.1159315598635806
empty-window,Core-ERCC2.6,ERCC2,,,,empty-window,-0.1206507815453826,-2.361332329964281,-2.166065607324427,-2.1531597115850603,-1.621569691280816,-2.097830037532803,6.268844149437347,0.0052734789060843,2,0.14362206581553616
missense,Core-ERCC2.61,ERCC2,R186H,p.R185= p.R186H p.R186H p.R185_R186delinsQH p.R185_R186delinsQH p.R185Q p.R185Q p.R185_R186delinsQH p.R185_R186delinsQH p.R186H p.R186H p.R185Q p.GR184= p.G184= ,186.0,missense,-0.6468907273002066,0.2038155167583409,0.6557382275762541,-0.0835116107585248,0.2762623835450983,-0.4457582756569886,2.643363994240595,0.0259168963324146,0,0.026097021240757537
missense,Core-ERCC2.74,ERCC2,E235K,p.E235K p.E235_A236delinsKT p.E235_A236delinsKT p.E235K p.A236T p.E235= p.A236T ,235.0,missense,0.3241589000775098,0.1907336608461826,-1.9061177469952648,0.3749769795777835,0.8045400456720824,0.5157350122908481,8.085255679735587,0.0021994912020351,1,0.2648824464445503
