Unnamed: 0,sgRNA_ID,Gene,Mutation,AAChg,AA,Function,T0.mean,T18_UNT.mean,T18_CISP.mean,T18_OLAP.mean,T18_DOX.mean,T18_CPT.mean,score,Rank,Cluster,Correlation,Alphafold.score,Pfam.domain,Phospho.site,ClinVar,ResidueDepth,ASA
splice-donor,Core-PNKP.114,PNKP,L312=,p.L312= ,312.0,splice-donor,-0.3882391199233228,-2.39976989251022,-2.0891931002462,-2.361815278676939,-1.1163058064494853,-2.1146706673930304,5.3831991482444845,0.0076319694721221,2,-0.4794157764967871,98.63,PNK3P,0,NA,4.018157190034027,0.0
splice-donor,Core-PNKP.126,PNKP,P343=,p.P343= ,343.0,splice-donor,-0.3210905531075038,-2.802774312251947,-2.420130117181229,-2.677725274831062,-2.80194557873782,-2.7254980305516505,7.200293770022483,0.0033654865380538,2,-0.6266173299686896,96.2,NA,0,NA,2.6938023135097664,0.007352941176470588
missense,Core-PNKP.131,PNKP,E326K,p.E326K p.E326K p.EE325= p.E325= p.E326K p.E326K p.E326= ,326.0,missense,-0.2413184007745008,-1.5892167763534786,-1.0341081024921788,-2.0275555042353126,-1.1115489713717233,-1.4999429679867642,4.51246148158173,0.0110769556921772,2,-0.6784334489353163,98.1,PNK3P,0,Glu326Lys,1.7745041792066225,0.16494845360824742
missense,Core-PNKP.132,PNKP,E325K,p.E325K p.E325_E326delinsKK p.E325_E326delinsKK p.E325_E326delinsKK p.E325K p.E325_E326delinsKK p.E325K p.E325K p.E326K p.E326K p.EE325= p.E325= p.E326K p.E326K p.E326= ,325.0,missense,-1.0653761360528091,-2.7587642963950096,-2.4491686969578184,-2.9239138371591054,-2.752003563618268,-2.627967138517756,4.79189611432731,0.0098579605681577,2,0.7927063659300996,98.14,PNK3P,0,Glu326Lys,2.4842090224283253,0.030927835051546393
missense,Core-PNKP.133,PNKP,E325K,p.E325K p.T323= p.E325K ,325.0,missense,-0.622521170583079,-1.9158940904101336,-1.7022436768063207,-2.0013692833025503,-1.425027478920556,-1.8416261108936087,2.937943473160975,0.0220214119143523,2,0.7439548642616786,98.14,PNK3P,0,Glu326Lys,2.4842090224283253,0.030927835051546393
missense,Core-PNKP.145,PNKP,E366K,p.E366K p.P365= p.E366K ,366.0,missense,-0.992461330747092,-1.8892794436086169,-2.1596091588170383,-2.0860592142083383,-2.019066002852044,-1.9630623318138376,2.1197428881085614,0.0378948484206063,2,0.7640518177112527,98.62,NA,0,NA,3.06787696938641,0.015463917525773196
missense,Core-PNKP.146,PNKP,S364N,p.S364N p.S364_E366delinsNPK p.S364_E366delinsNPK p.S364N p.E366K p.P365= p.E366K ,364.0,missense,-0.8425345504763242,-3.1376930263191363,-3.2115593909230618,-2.788631022807321,-2.9644445192341444,-3.0648978351494462,6.764878232710206,0.0042134831460674,2,0.7969812955087172,95.87,NA,0,NA,1.9754197126567277,0.5615384615384615
missense,Core-PNKP.228,PNKP,A6V,p.A6V p.A6= p.A6V ,6.0,missense,-1.2141806809459557,-0.618634212667251,-0.036926221123338,-0.5862437055568354,-0.6752670156376137,-0.8437004624121199,2.1588040165649307,0.0367023531905872,1,0.71018747438271,49.81,NA,0,NA,1.8322101648583264,0.4811320754716981
missense,Core-PNKP.244,PNKP,T39I,p.T39I p.T39I p.LT38= p.T39I p.L38= p.T39= p.T39I ,39.0,missense,0.148621373875028,0.44482275061168,0.4601509441622675,-0.4982001175451612,0.8160833771649796,0.4793110196503177,2.688407633771927,0.025439898240407,0,0.7406302390312929,93.29,FHA_2,0,Arg35Gly,2.148095791965955,0.06338028169014084
missense,Core-PNKP.246,PNKP,S47F,p.S47F p.S47F p.S47= ,47.0,missense,-0.28637004494515,-0.3828536949391949,-0.2303769936202002,-2.911768420462284,-0.2830322815626698,-1.4205929248217857,7.972144081042032,0.0023849904600381,0,0.7933923038367298,94.86,FHA_2,0,Gln50Glu,2.2250796921432676,0.2846153846153846
missense,Core-PNKP.247,PNKP,S47F,p.S47F p.S47F p.S47= ,47.0,missense,-0.3281346832551338,-0.5201677788793928,-0.5386624199606096,-2.5620508825478443,-0.3968775053443162,-1.2558670280826187,6.242696746649036,0.0054059783760864,0,0.7896362084293098,94.86,FHA_2,0,Gln50Glu,2.2250796921432676,0.2846153846153846
missense,Core-PNKP.248,PNKP,T49I,p.T49I p.S47= p.T49I ,49.0,missense,-0.3544395063303318,-0.6533100542033757,-0.4102079254590262,-1.6746401368789925,-0.532756393610521,-0.6977465955156387,2.711276776404053,0.025254398982404,0,0.7116474779522246,96.33,FHA_2,0,Gln50Glu,2.1003879278858144,0.5140845070422535
missense,Core-PNKP.279,PNKP,P145S,p.P145S p.P145L p.P145F p.NP144= p.P145L p.P145S p.P145F p.N144= p.P145F p.P145S p.P145F p.P145S p.P145L p.P145L p.P145= ,145.0,missense,-0.994204164460334,0.2964850153893061,0.206424156669178,0.0022890955696061,0.0873607671494645,-0.0876391200041733,2.597217949002575,0.0264998940004239,1,0.02647861266418692,86.53,NA,0,NA,1.9857551062573258,0.7279411764705882
splice-acceptor,Core-PNKP.40,PNKP,V51=,p.V51= ,51.0,splice-acceptor,-0.2399098570991864,-2.0429992305265925,-2.057470080501896,-2.0131617441777507,-2.186031526100128,-2.4222881184275864,6.0435077324981865,0.005750476998092,2,0.14899171900738586,97.34,FHA_2,0,Gln50Glu,5.61934877128063,0.0
missense,Core-PNKP.405,PNKP,P489L,p.P489L p.A488_P489delinsVL p.A488V p.A488_P489delinsVL p.A488_P489delinsVS p.A488_P489delinsVL p.A488_P489delinsVS p.A488V p.A488_P489delinsVL p.P489L p.P489S p.A488= p.P489L p.P489S p.P489L ,489.0,missense,-0.5421839715961336,-2.065634364519189,-1.7543737964616877,-1.7523946583959769,-1.0602211902175638,-1.8228681090808625,3.496816931731695,0.0167744329022683,2,0.4558453611853074,98.18,AAA_33,0,NA,2.3247014931950774,0.08823529411764706
missense,Core-PNKP.410,PNKP,P502L,p.P502S p.P502L p.P502L p.I501= p.P502L p.P502S p.P502L ,502.0,missense,-0.9291851736246192,-0.9974168216650652,-0.6771017100346484,-2.27965525131826,-1.103101740691064,-1.05841150499692,3.802542747713681,0.014627941488234,0,0.3998686756737727,96.83,NA,0,NA,1.9200235181845964,0.2426470588235294
missense,Core-PNKP.46,PNKP,A133T,p.A133T p.R131_D132delinsKN p.R131_A133delinsKNT p.R131_A133delinsKDT p.R131K p.D132_A133delinsNT p.D132N ,133.0,missense,-1.4797610877771408,-1.1649572803256794,-1.3535089120662305,-1.6354873657292843,-0.3372846862963836,-1.716111659616762,2.937861771481953,0.0220479118083527,0,0.5689533475119501,33.98,NA,0,NA,1.767596157058311,0.7924528301886793
missense,Core-PNKP.70,PNKP,G68R,p.G68R p.G68K p.G68E p.L67= p.G68K p.G68R p.G68E ,68.0,missense,-0.2354403411437546,-0.4139814837189879,-0.2864126342833126,-1.6960188493225667,-0.3000149881049322,-0.6906745492643155,3.253823338377529,0.0188679245283018,0,0.5408429038783041,93.1,FHA_2,0,NA,2.172098111520021,0.023809523809523808
splice-acceptor,Core-PNKP.71,PNKP,G68R,p.G68R p.G68K p.G68E p.L67= p.G68K p.G68R p.G68E ,68.0,splice-acceptor,-0.608109730509319,-0.50621012940334,-0.3420664907677596,-1.628553610699072,-0.5289925426217333,-0.7178131002638185,2.580977404549396,0.0267913928344286,0,0.5168070509898577,93.1,FHA_2,0,NA,2.172098111520021,0.023809523809523808
nonsense,Core-PNKP.97,PNKP,W266*,p.D267N p.W266_D267delins* p.W266* p.W266_D267delins* p.W266* p.W266* ,266.0,nonsense,0.7572454359205181,-0.2940467129860833,-0.2383744995792803,-0.9138085705751172,-0.6464132181942984,-0.4322848282427178,4.067290245836452,0.013064447742209,2,0.550230801949384,98.48,PNK3P,0,NA,3.3355802521025715,0.039647577092511016
